Measure,Sample,bias,bw,density,ngrams,ABpvalue,BCpvalue,CApvalue,pReward
Joint E.,260,10.0,1.0,expset,1t4,2.173E-07,2.350E-20,0.000E+00,0.00000
Joint E.,210,0.0,5.0,gausset,1t2,3.365E-01,4.360E-01,3.436E-01,0.00000
CMI,310,0.0,1.0,expset,2t3,5.973E-02,6.468E-34,2.222E-16,0.00000
CMI,210,0.0,5.0,gausset,1t2,1.627E-02,1.621E-02,1.851E-02,0.00000
MI,310,10.0,5.0,expset,2t4,2.126E-40,3.710E-08,1.649E-58,0.02448
MI,310,0.0,3.0,gausset,1t3,1.863E-02,8.286E-03,7.676E-03,0.00000
Entropy,260,10.0,5.0,expset,2t3,5.054E-11,1.063E-07,5.499E-21,0.00002
Entropy,210,0.0,5.0,gausset,1t2,7.498E-01,5.005E-01,7.421E-02,0.00000
